,id,date,dateYear,dateMonth,dateDay,rating,userName,content
0,1,20220928,2022,09,28,3,Othilia Cho,"잘 쓰고 있었는데, 조금 전 업데이트 하래서 했더니 구매가 안돼요..ㅠㅠ 결제하기 누르면 문제가 발생했다고 장바구니로 돌아가라는데 계속적으로 같은 루틴 무한 반복...ㅠㅠ 앱 껐다 켜보고 로그아웃했다 다시 로그인도 해보고 폰 리부팅해도 마찬가지..ㅠㅠ 저도 미쳤죠.. 이걸 도대체 몇 십 번을 했는지 ..ㅠㅠ 구매하지 말라는거죠??? ㅠㅠ"
1,2,20220815,2022,08,15,1,강수연,"업데이트 후 로그인이 풀림. 아이디 비번이 생각나지 않아 휴대폰 인증 로그인하려니 휴대폰 번호 입력되어 있는데도 자꾸 번호 입력하라는 메시지만 뜨고 코드 안옴. 결국 메일함 다 뒤져서 가입한 멜주소 알아내서 로그인하니 위스리스트가 싹다 사라짐. 위시리스트 만드는데 든 시간과 노력, 아이디 비번 찾겠다고 고생하며 빡친거 생각하면 1점도 아깝다"
2,3,20220912,2022,09,12,5,정주윤,플레너는 웹에서만 작동하고 정작 이케아 앱에선 작동하지 않아 불편합니다. 하지만 예전에 비해 동작속도가 크게 개선되어 전체적으로는 편리합니다.
3,4,20220906,2022,09,06,4,카페모카크림듬뿍,이케아 구입을 온라인에서 할 수 있어 좋아요.. 단 일부 품목이 추가 됐을때 배송비가 많이 오르는데 어떤 제품이 그러한지 쉽게 찾을 수 있으면 좋겠네요..3000원 짜리 하나가 근처 매장에 없어서인지 배송비가 25000원였는데..쉽게 제외할 수 있었음 좋겠네요..
4,5,20220804,2022,08,04,5,이언정,한번씩 느리고 튕기고 안눌리는거 빼고 잘쓰고 있어요 배송넘어가기전에 한번씩 안넘어가는데 재고가 없어서 그런듯 다른 매장으로 하면 넘어가더라구요 실시간 재고가 안맞는거 같아요
5,6,20220929,2022,09,29,1,양지호,"업데이트 후 주문내역도 안 뜨고, 있는 제품 검색했는데 안 나오고 하는 등 자잘한 오류가 너무 많아졌어요"
6,7,20220926,2022,09,26,5,김민정,품질도 괜찮고 다양하고 좋아요 ~~^^ 온라인몰 구경하는 재미도 쏠쏠하네요
7,8,20220923,2022,09,23,1,제이든,별한개도 아까움 비밀번호 찾기도 안되고 일회용 코드로 로그인도 메일이나 문자가 안와서 할수가 없음 인내심테스트임
8,9,20220808,2022,08,08,1,Soomin Lee,제품수령방법 선택하기 이후에 계속 문제가 발행했으니 장바구니로 돌아가서 다시 시도하라고하는데.. 도돌이표네요.. 이거 앱으로 결재가 가능한게 맞긴 하는지??
9,10,20220922,2022,09,22,1,주세영,"앱 삭제합니다. 제품에 대한 정보가 너무없어서 매장가서 사라는 말같네요. 한샘, 일룸등 국내제품으로 사겠습니다,"
10,11,20220715,2022,07,15,4,최유리,"부르는 명칭이 외우기도 발음하기도 어려워 사이트상에 서 제품 분류가 더 알기쉽게 되었으면 좋겠음. 일단 제품에들어가면 정확하고 자세한정보(제품크기,설명등) 아주 뛰어남"
11,12,20220913,2022,09,13,4,김지열,다 좋은데 단점은 느리다! 온라인 결제까지 진행하는 속도가 좀 느리네요. ^^
12,13,20220527,2022,05,27,2,FIN 。,"여태 몇번이나 온라인결제가 잘 됐는데, 오늘은 내 장바구니에 들어가지지도 않고 찜리스트에서 장바구니에 담는 것도 계속 실패합니다. 몇번이나 다시 깔았지만 안 되네요. 문의하려 해도 문의글로는 남길 수 없는 시스템.."
13,14,20220823,2022,08,23,4,Blue table S. (blue table),"50후반 남자가 약간 헤메며, 살거 다 살수 있다. 좀만 시간지나서 나이들면, 이것두 사용 어려울듯. 좀더 쉽게."
14,15,20220517,2022,05,17,5,mark ;,다 괜찮은데요. 웹으로 할 때는 카테고리 정렬할 수 있는게 많은데 모바일은 정렬하기 기능이 좀 부실한 것 같습니다.
15,16,20220810,2022,08,10,5,이은경,검색도 편하고 이케아 전제품이 있어서 너무잘쓰고있어요
16,17,20220526,2022,05,26,2,Esther pak,앱 속도 너무 늦어요 / 쇼핑하기 불편해요 상품을 확인하는 자세한 정보가 없고 다음화면으로 나가면 다시 처음으로 나와요 앱 환경이 너무 불편하게 되어 있습니다
17,18,20220929,2022,09,29,5,Ming Yu,뭐... IKEA매장에있는건 거의 다있더라구요. 직접배송이 와서 좋구요.
18,19,20220602,2022,06,02,2,이아람,검색어를 다양하게 설정해주세요. 물건 이름들도 어려운데... 찾고싶은 물건을 다른 검색 사이트에서 찾아서 다시 검색해야하는 번거러움이 있습니다.
19,20,20220608,2022,06,08,5,이리온 꽁냥꽁냥,멀어서 앱으로 주문할수 있어서 좋네요 크기 비교사진이나 동영상 또는 3D영상도 있으면 구매에 도움될것같긴해요
20,21,20210210,2021,02,10,1,DONGMIN KIM,"최악의 앱, 이케아 매장으로 와서 물건을 보고 사라고 하는게 궁극적인 목적이라면 뭐... 그런가 싶은 결과물을 만들어냈다. 이전에 사용한 ikea store 를 사용할 수 없게 되었고 새로운 이케아 앱 설치 활용하면서 사용한지 몇 분 만에 앱 자체에 짜증이 나버렸다. 1. 불편한 해상도 이케아는 가구가 많다. 한 눈에 내가 찾는 물건을 찾도록 해야 소비자는 피로도를 적게 표출, 조금이라도 더 많은 소비를 할 수 있다. 이케아 앱은 정확히 폰 화면에 안 맞는 구도로 해상도가 설정 되어있다 세로로 긴 직사각형 핸드폰 화면에 가로로 긴 직사각형 틀을 넣어놨다. 그것도 심지어 어긋나게 2. 다운 그레이드 된 UI 내가 찾고자 하는 가구를 찾을 수가 없다 이전 앱의 경우 cm, 색, 종류, 다 설정해서 내가 사고 싶은 가구를 검색 가능 했는데 이 앱은 안된다. 검색엔진에 타이핑만 하면 되는데, 전화번호부를 던져주고 찾으라고 한다. 이케아 한국 지사는 꽤나 무능한 듯 하다"
21,22,20210718,2021,07,18,1,Cow Cake,구매내역을 확인하려고 하니까 로그인이 되어있는 상황인데도 주문번호를 쓰라고 하네요... 주문번호를 어찌 기억하고 있나요... 이메일 뒤져서 확인하고 적었는데 오래전 구매내역이면 못 찾겠더라구요. 외국회사 앱들은 왜 하나같이 이렇게 불편한건지... 뭔가 너무 후진적입니다. 제발 앱을 한국업체에서 만들어 주세요.
22,23,20210805,2021,08,05,3,Gibson,"제품을 찾아서 주문하는 과정이 심플해서 좋았습니다 다만 회원가입 과정에서 특수문자가 포함된 비번을 설정했는데, 로그인이 안되더라구요. 특수문자 뺀 비번으로 다시 설정하니 문제가 없던데 확인 부탁드립니다. 결제까지 완료한 주문내역 확인하는거는 꼭좀 뜯어고쳐주십시오. 비회원주문도 아니고 로그인해서 주문이며 결제며 다 한건데 메일함들어가서 주문번호를 찾아넣어야한다는게 참.."
23,24,20210514,2021,05,14,1,Andy Park,이런 서비스는 또 처음이네요... 1. 크롬 웹사이트에서 로그인 후 장바구니 물건 결제하려고 하면 프로필을 불러 올수가 없다고 하고 주소를 직접 입력하면 '이 주문에 대한 배송 방법을 찾지 못했습니다. 다시 시도해주세요.' 라고 뜸 2. 익스플로러 사이트에선 장바구니에 담아둔 내역이 아예 안보임.. 3. 앱을 다운받아 로그인 후 결제 시도 시 배송할 수 없다고 뜸. 짜증나서 그냥 구매 포기하고 다른 곳에서 구입하는게 정신건강에 도움이 될 것 같습니다.
24,25,20220801,2022,08,01,3,별빛하늘,카테고리 별로 상품이 눈에 쉽게 들어오게 해주세요.
25,26,20201221,2020,12,21,2,미정조,앱으로 결제가 원활하게 진행되지 못함. 결국 핸드폰 앱으로는 결제 하지 못하고 노트북에 크롬웹을 이용해서 결제 완료함. 휴대폰 앱으로 결제 안되시는 분들은 노트북이나 컴퓨터에 크롬 웹사이트 까시고 이케아 들어가서 로그인 하신 후 장바구니 들어가서 결제하셔야 할 듯. 앱을 통한 결제 시스템... 흠...손 좀 봐야겠어요 이케아!
26,27,20220811,2022,08,11,5,박지현,"다양한 제품들, 간단한단어로도 검색, 폰이좀말썽이라 타사다양한 앱이용시 화면먹통인데 이케아는 안그래서 넘좋아요"
27,28,20220806,2022,08,06,1,최인규,정말 최악의 앱 회원인식도 못하고 로그아웃도 안되는데 멀 주문하고 사라는건지;;
28,29,20220829,2022,08,29,5,빛나는보미,모든 제품을 앉아서 볼 수 있어서 너무 좋아요
29,30,20220905,2022,09,05,2,손빔,로그인 자체가 안되는데 고치질 않네요... 당분간은 물건 구매하기 힘들 듯...
30,31,20220421,2022,04,21,1,ᄃᄌ,웹사이트에 비해 극도로 끔찍하고 형편없는 ui에 경악을 금치 못했습니다. 앱은 좀 더 편하게 쓰기위해 만드는거 아닌가요? 디자인강국 스칸디나비아반도 북유럽에서 이딴 쓰레기앱이 나온 것에 대해 가슴깊은 안타까움을 전합니다. 어떻게 카테고리검색도 못하도록 gui디자인을 망쳐놓을 수 있는 건가요? 그냥 온라인웹사이트로 검색해 들어가서 카테고리별로 정리된 상품들을 둘러보는게 100배 낫습니다.
31,32,20210115,2021,01,15,1,넹넹넹,아니 도로명을 제대로 입력하라는게 도대체 무슨 말인지 모르겠어요.. 우편번호까지 등록 다 되어있는데 결제하려니까 도로명이 없는 거라고 나와서 결제를 할 수가 없어요.. 서핑은 좋은데 어플에서 결제를 못하는데 무슨 의미가 있나요. 도로명을 잘못 쓴거도 아니고 우편번호도 정확한데 안되네요
32,33,20220602,2022,06,02,5,yonghee kim,직관적이고 사용이 편리하네요 원한 품목을 장바구니에 넣고 결재도 쉬워서 바로 결재를 했어요ㅎ 만족합니다
33,34,20220524,2022,05,24,5,이은표,페이지 넘어갈때마다 자세하고 친절한 안내가 편리해서 좋았다
34,35,20210616,2021,06,16,1,철수야돌쇠야,앱에 무슨 오류가 있는건지는 몰라도 카드결제가 안되네요. 나참 쇼핑앱에서 결제가 안되는 경우가 다 있다니 너무 어이없음ㅋ 그리고 예전에는 그간 주문했던 내역이 편하게 조회가 되었는데 이제는 주문당시의 주문번호를 모르면 조회도 안되네요. 왜그런거죠? 그 길고 긴 조회번호를 주문시 매번 어딘가 기록 해 놔야 하는건가요? 왜요? 왜? 왜???
35,36,20220711,2022,07,11,4,하면 된다,로딩에 시간이 오래 걸리지만 비교적 빨리 찾을 수 있고 보기에도 깔끔하다
36,37,20221015,2022,10,15,4,YUI Han,"네이버페이로 결제하고 싶은데 ,네이버 페이가 잘 안되네요"
37,38,20220309,2022,03,09,5,Se Ryeok Oh,"계속 개선되고 있고, 재고확인이 가능해서 편하네요. 다만 모든 제품, 카테고리별로 접근하는게 시각적으로 바로 보이지 않고 검색어로 보는게 불편한 편입니다."
38,39,20220518,2022,05,18,3,추수미,오랜된건지 언지가 묻어져있는게 배송이되어왔더라구요ᆢ좀 기분이 안좋더라구요ᆢ
39,40,20221001,2022,10,01,1,younghwa nam,"그냥 오프라인에 올인 합시다 맨날 결제 오류, 배송 오류, 재고 오류 그냥 가서 살란다..."
40,41,20210626,2021,06,26,1,냉동인간,"완전 개판. 온라인 몰은 왜 만든거지? PC에서는 배송지 우편번호 입력하라는 창만 무한 반복! 앱을 깔아서 시도하니...이번엔 문제가 발생했으니 장바구니로 돌아가라고 무한반복! 재고가 없다든지, 배송이 안되다는지, 혹은 다른 이유가 뭔지 알수도 없이 그냥 무한 반복 애러! 성격테스트 하자는건가? 이따위로 관리해도 안망하고 있는게 용하고.. 이런데서 뭔 하나 사보겠다고 시도한 내가 바보다!"
41,42,20220530,2022,05,30,5,장지연,굳이 가지않고 집에서 간편쇼핑 둘러볼때는 위치확인쉽고 좋아요
42,43,20221009,2022,10,09,5,낭만캡틴,보통 외국계열 회사들의 앱은 구매하기 불편하던데~ 여긴 괜찮네요.
43,44,20220917,2022,09,17,4,황영일,배송이 좀더 디테일해지며누좋겟네요 픽업이요
44,45,20210302,2021,03,02,2,juno i_,헤이. 왜 자꾸 새로운 앱을 만나라 하는거야. 업데이트가 있는것도 아니고 실행시마다 구글을 거처야하는 이유가 무엇인가? 또 일반적인 방법으로는 종료도 되지않는다. ㅡ 추가.. 기존어플에서 업데이트하면 파랑아이콘이 남네.. 삭제후 재설치 노란아이콘..정상돌아옴
45,46,20220221,2022,02,21,1,령,이전버전 보다 정보관련으로 더 복잡해진것 같아요. 매장 상품 위치 파악도 없어지고 매장에서 상품도 배송 안되는것도 많은것 같고 실시간으로 수량파악이 다른거 같구요. 검색어도 관련검색품목 들이 용어정리도 필요한거 같아요
46,47,20220331,2022,03,31,3,박선근,"앱이 깔끔하긴 하나, 제품 재고가 있다고 뜨지만 막상 결제화면에서 재고가 없다고 뜨는 현상이 있습니다. 이걸 문의하기도 어렵구요. 개선되었음 합니다"
47,48,20210501,2021,05,01,1,윤Trishia,기존에 사용목록 싹다 날아갔다. 문의하면 오류라고하면서 정확한 이유도설명하지않고. 해결책도 내놓고있지않다. 기존에구매한게 많아서 유닛을 구매해야할땐 별수없이 이용하게되겠지만 실망이 이만저만이 아니다. 한국의 그 어떤매장직원들보다 불친절하고 무성의하다. 외국식이라는 미명하에 건방떠는직원들까지도 앱과함께 개선좀 했으면좋겠다
48,49,20220407,2022,04,07,3,리브가,직접가지 않고 온라인으로 주문할 수 있어 너무 감사합니다. 그런데 주소까지 쳐서 들어가야 재고를 확인할 수 있는게 조금 불편합니다. 결제들어가기 전에 확인 가능하면 앱이용이 수월할듯 합니다. 개발자분이 어렵지않게 개선해 주리라 생각합니다.
49,50,20220216,2022,02,16,1,jimin park,회원가입은 받으면서 주문번호가 없으면 주문내역이 조회가 안되는 비회원 주문 수준의 시스템 지난주까지 사용한 주소가 며칠만에 사용안됨 판매는 의지가 일도 보이지 않는 인터페이스 조립신청을 하려면 주문 후 다시 고객센터로 전화해야하는 업무처리방법 거기에 대한 설명은 주문시에 표시되지 않음 상품이미지에 나오는 인테리어 이미지 예시를 보고 구입하게 만드나 같이 세트로 찍힌 제품들 단종된 경우가 허다함 그 내용이 표시되어 있지도 않음
50,51,20210829,2021,08,29,1,달콤망고,"업데이트 이후 사용이 아주 불편해짐. 카테고리를 볼 수가 없음. 예전에는 신제품, 인기제품, 할인제품 분류해서 검색할 수 있었는데 이제는 검색어로만 가능해서 이케아 웹페이지로 가야지 둘러볼 수 있음. 불편해. 두 번 일하게 하도록 만들어 놓음."
51,52,20210202,2021,02,02,2,김기현,"앱이 전체적으로 깔끔하고 예쁜데, 가구 분류 하는 햄버거바가 없어요. 너무 불편해요. 굳이 찾는다면 제품찾기> 모두 보기가 있는데 왜 이렇게 보물찾기하듯 하는지 모르겠네요. 그리고 구매내역에 제품 소개도 해당 제품 상세페이지로 이동할 수 있게 했으면 좋겠네요."
52,53,20210509,2021,05,09,1,최교순,"온라인 앱에서 쇼핑을 할 때마다 화가 납니다. 몇 시간에 걸쳐 이런저런 물건을 결정하고 결제를 하려고 하면 그때가 되어서야 재고가 없다거나 온라인으로 구입할 수 없다고 나오는 게 말이 되나요? 그런 정보는 장바구니에 넣을 때 알려주어야 하는 거 아닌가요? 사용자가 구입 결정을 위해 얼마나 많은 시간을 고민하는지 조금이라도 이해하고 배려한다면 이런 프로세스는 반드시, 당장 수정되어야 합니다."
53,54,20220118,2022,01,18,4,Steve Hwang,디자인은 깔끔하고 검색도 잘되긴 하는데 페이지 전환 반응속도가 느리고 딱 원하는 품목/치수 제품에 대한 상세 검색이 지원되지 않아 너무 많은 검색 결과에서 일일이 확인해야하는 불편이 있습니다
54,55,20220311,2022,03,11,5,김동민,이케아 가구 및 생필품도 자주사는데 장바구니나 위시리스트에 기록및 저장도 유용하고!! 재고파악도 쉽고 가장중요한건 물건찾을때 위치가 어디에 있는지 알수있어 편리합니다!!
55,56,20220301,2022,03,01,3,Searl Kim-김새얼,검색할때 상세분류로 들어가서 결과를 볼수 있었으면 좋겠음. 전에는 괜찮았는데 새 어플에서 바뀌었음 배송현황을 어플에서 확인 못하는 것도 개선되었으면 함
56,57,20201222,2020,12,22,1,김도난,"왜 로그인이 안되나요? 예전앱도 로그인이 안되서 손님들 불만이 이만저만아니였는데 새로운 앱 다운받아 로그인 하려니 안되서 비번 바꿨는데 새로운 비번도 로그인안돼 찾을수없다는 창이 뜨고, 간편 비밀번호도 메일로 받아 2번이나 시도했는데 것도 안되고!!!아 짜증나네요!!!!"
57,58,20210122,2021,01,22,3,Mar Mor,기존 어플은 상품을 보기 좋게 찾기 좋게 해놨는데 바뀌고 나니 정말 보기 힘들어요. 그냥 침대면 침대 책장이면 책장 분류해서 쭉 볼수있게해놓으면 되는데.. 굳이 애써서 예쁜 쓰래기를 만들어놓은 느낌입니다
58,59,20220824,2022,08,24,5,김미선,온라인구매 편하고 좋아요
59,60,20220921,2022,09,21,5,stadium,편리하고 좋아요.
60,61,20210826,2021,08,26,4,틸다하우스,정확한 명칭으로 검색을 유도하니 덴마크용어를 잘 모르고 서로 해석하는 과정에서 여러번 시도를 해야해서 좀 힘듭니다.
61,62,20220803,2022,08,03,5,상빈,편하고 심플해요
62,63,20220804,2022,08,04,5,Seul.Ah마이펫,어플이 깔끔해서 사용하기 편리해요.
63,64,20220810,2022,08,10,4,넌운명이야,앱 실행 등이 조금 느려요
64,65,20210914,2021,09,14,4,러블리수LuvlySU,매장가기전에 둘러보기 좋아요.다만 물건 찾을때 제품명 모르면 찾기 쉽지않을때도 있어요. 분류에서 찾을때도 생각지 못했던 분류로 되어있기도 해서 가끔 헷갈려요. 그래도 매장가기전에 필요한 물건 찾아보기엔 편해요~
65,66,20210706,2021,07,06,1,최현주,엄마 대신 이케아 회원가입하려는데 매장 내 가입 키오스크가 정말 인식감도 떨어지고 계속 오류나고 최악의 경험입니다 직원들도 가입은 본인이 하라고 해서 가입에만 20분 소요했네요. 이미 가입된 것 이외의 추가가입 의사 없습니다
66,67,20220502,2022,05,02,2,정민성,로그인 쥐약.. 비번잃어버리면 영원히 찾을수 없음..
67,68,20220717,2022,07,17,5,최고네오,집에서 편하게 쇼핑할수도있고 편하고 너무 좋아요^^
68,69,20220703,2022,07,03,3,정수은,배송이 안되거나 배송가능인데 막상결재하려면 배송할수없는제품이라하고 그사유가 명확하지않고 헤매게 함 결국 많이 사면 배송가능해짐 ㅡㅡ
69,70,20220704,2022,07,04,4,김도원,PC보다 편리한 점이 더 많은 것 같아요.
70,71,20220503,2022,05,03,5,한혜경,이케아 제품을 찾아보기 쉽고 가까운 매장의 재고현황도 볼 수 있어 좋습니다
71,72,20220725,2022,07,25,5,나영주,매우 유익한 앱입니다. 매장에서 소량으로 구입 후 앱 으로 다량 구입 시 운반비도 싸고 너무 편리해요. 적극 추천이요!
72,73,20220526,2022,05,26,5,진성환,검색 쉽고 사용이 편해요
73,74,20220520,2022,05,20,5,김정희,디자인 깔끔하고 저렴해서 좋아요
74,75,20220321,2022,03,21,5,알수없음,장바구니 담은 제품 중에서도 선택구매 할수 있으면 좋겠어요 위시리스트에 옮겼다 넣어다 하는게 조금 불편하지만 재고와 위치 확인도 좋구 온라인 구매가능해서 매장 안가도 생활용품 구매 할수 있어 좋아요
75,76,20220131,2022,01,31,1,Sam Kim,카달로그를 전체적으로 보면서 고르는 것 자체가 불가능하고 인터페이스도 다른 방 꾸며놓은거 위주로 해서 세트로 사게 유도하고 싶어하는 위주라 앱이 전혀 쓸모가 없네요
76,77,20220529,2022,05,29,3,정욱철,전화번호 입력하고 코드받으려고 전송 눌러도 계속 전화번호 입력하라는 창이 뜹니다. 신속히 해결해주세요
77,78,20220602,2022,06,02,5,jaehyeon ju,상품검색이 조금 어렵지만...
78,79,20210708,2021,07,08,1,Queenkerbell K,왜 이렇게 계속 오류예요?도대체 물건을 살 수가 없어요 로그인해도 아이디 틀렸다 비밀번호 틀렸다 재설정해서 겨우 들어가도 다시 오류...쇼핑을 어떻게 하라는건지요?
79,80,20220306,2022,03,06,3,이승훈 (AltoDitto),자주 가는 매장에 재고가 있는지 없다면 언제 들어오거나 안들어온다는 걸 알수 있어 좋아요 다만 앱과 매장에 재고가 있음에도 직원들이 어디있는지 몰라 차비만 낭비하는 경우가 있네요
80,81,20220606,2022,06,06,5,시원한저녁바람,쓰기 편하고 이케아 물건 찾기 좋아요.
81,82,20220930,2022,09,30,4,한영광,결제가 조금 복잡함
82,83,20210412,2021,04,12,1,김J S,모바일에서 로그인 안 됩니다. 간편도 안 되고. 펑가글 보니 계속 로그인 문제 발생하는데 개선 조짐이 없네요.
83,84,20220402,2022,04,02,4,정현숙,"매장에는 재고가 있는데 간혹 온라인으로 주문이 잘 되지않는 경우가 있어서 그럴때가 좀 아쉬워요..그럴때 며칠을 그냥 주문될때까지 기다리거나 아님 그냥 직접가서 사올때가 있는데,온라인주문 제품은 따로 있는건지 궁금하더라구요."
84,85,20220331,2022,03,31,4,ThereIsNoJustice Remember,"장점:이케아제품에 대한 정보,재고현황,온라인카탈로그로인한 쇼룸효과 아쉬운점:타 온라인플랫폼과 같은 제품 필터링 기능이 부족함.예를 들어 가격별로 볼때 고객이 원하는 가격대를 사용자지정으로 할수있는 기능이 없어 매우 아쉬움"
85,86,20220906,2022,09,06,5,정의정,어렵지만재밌네요
86,87,20220627,2022,06,27,5,Do-Hyeon Kang,버벅대는 거 좀 있지만 좋아요 만족합니다.
87,88,20220426,2022,04,26,5,형숙 77,항상 자주 앱을 들어가 살펴보니 좋아요
88,89,20220925,2022,09,25,1,MiRi Kim,결제단계 계속 오류
89,90,20220929,2022,09,29,1,sj c,드디어 앱에서도 구매내역이 뜨게됨
90,91,20221002,2022,10,02,5,살찐성인,사용이쉽네요
91,92,20210428,2021,04,28,5,육순옥,물건을 매장별로 잘 찾을 수 있고 조립설명서도 바로 다운 받아 볼 수 있으니 조립 난이도를 알 수 있어 좋아요
92,93,20220901,2022,09,01,5,Chris Yong Lee,이케아제품을 온라인에서 구매하기 좋습니다.
93,94,20220211,2022,02,11,5,MyungHo Lee,"처음엔 사용하기 힘들었는데, 이케아 매장 가보고 제품명 눈에 들어오기 시작하면 위시리스트에 담아두면 이케아 매장 쇼핑하기가 훨씬 수월해집니다. 이케아 매장서 고르려면 답 없죠."
94,95,20211226,2021,12,26,1,rs k,물건찾기가 너무불편하고 행사내용은 전혀 볼수가없음 또 재고가있어도 배송안되는경우가많은데 주로 저렴한 제품들이 그럼
95,96,20220123,2022,01,23,5,Es Gho,깔끔하고 편해요!다만 앱 상에서 주문번호를 기억하고 넣는방식이나 이메일로 자세히 확인은 불편해요. 앱으로 다 되면 좋겠어요. 그건 우리나라 온라인몰이 더 편해서인지 앱 하나로만 안되는건 업데이트해주심 감사하겠습니다.
96,97,20210126,2021,01,26,1,WON,로그인때문에 암걸릴판.. 다른 웹 브라우저로 로그인 됨. 앱으로는 로그인시 오류뜸. 깝깝하다.. 하.. 보아하니 이문제 나뿐만은 아닌거 같은데..
97,98,20210212,2021,02,12,4,bowen yoo,카테고리가 애초에 사진 보다는 텍스트 방식으로 좀 더 직관적으로 되었으면 좋겠음.
98,99,20210328,2021,03,28,1,MIN-JEONG CHOE,로그인안됨ㅠㅠ 해결좀 제발.. 로그인 클릭하면 크롬으로 연결되는데 화면이 안뜸. 그래서 네이버 앱으로 열면 화면은 열리는데 네이버에서 로그인 됨. 대환장파티ㅠㅠ
99,100,20220316,2022,03,16,5,Hong Jeongmin Allison,잘 사용하고 있어요. 다만 물건 검색 후 볼때 정렬 선택기능이 있으면 좋갰습니다.
100,101,20210429,2021,04,29,1,아라,업데이트 후 오프라인 매장 재고 보유 현황 알려주는 게 없어졌네요? 이걸 보려고 어플 이용하는 부분이 큰데 아쉽습니다.
101,102,20210828,2021,08,28,5,장꼬꼬,다양한 제품을 디스플레이 까지 되어 있어서 보는재미 고르는 재미 실용섯 있는 것이 많아 마음에 들어요
102,103,20201224,2020,12,24,1,jm Ryu (joohongbit),로그인이 절대 안됨.! 이것도 앱이라고..ㅉ ㅉ 멀쩡히 잘쓰던걸 왜 업하라해서 이지경인지..파업한다더니 이걸 관리할 직원도 없는모양!
103,104,20210305,2021,03,05,1,123 123,카테고리가 아주 기본적인 것만 분류되어있고 정확한 가구 구분같은건 없이 그냥 뒤죽박죽 섞여 나오니 볼 때마다 불편해요.배송비는 5000원이나 먹으면서 배송 자체는 느려 터졌고요.
104,105,20210825,2021,08,25,3,rw djkwkq,"주문조회를 하고 싶은데 주문번호, 이메일(전화번호)을 둘 다 입력해야 한다는게 너무 이상하고 불편... 주문번호를 따로 적어둔 것도 아니어서 이메일에서 확인해야 하고 이게 서양 스타일인가..."
105,106,20210725,2021,07,25,1,조쏭,상세보기가 너무 내용도 없고 리뷰란도 없어서 참고할것도 없고 너무 성의없는듯요. 한국 네이버쇼핑 참고해보세요.
106,107,20211209,2021,12,09,5,김은경,매장 방문하기전에 재고파악할수있어서 좋아요~인터넷구매보단 매장가서 구매하는걸 즐기는편인데 매장도 가까운거리가 아니라서 재고파악하고 가면 좋은거 같아요~
107,108,20220121,2022,01,21,5,ᄆᄆᄆ,주문상품 조회하는게 번거로운거 빼면 앱구동도 잘되고 앱디자인도 이쁘고 좋네요
108,109,20210113,2021,01,13,1,선현아,로그인도 안되고 비밀번호 찾기도 안되고 메일이나 인증번호도 안보내주고. 왜 있는 버튼들인가요?
109,110,20210914,2021,09,14,1,Ricky Hwang,업데이트후 네트워크 확인히라하고 아예 메뉴들이 들어가지지도 않고 로그인 자체도안됨 폐지된 어플인가 싶네요
110,111,20210110,2021,01,10,3,그레이스초이 (Grace),제품을한눈에 보고 구매하기가 어렵고불편하게 되어있어요 제품이름을알고검색해야만 빨리잘볼수있어서 불편함이많아요
111,112,20210101,2021,01,01,1,그냥별님 (그냥별님),"로그인 오류로 이용을 못하고 있어요. 아래 보니 저처럼 오류로 이용 못하시는 분들이 많은데도 무답이고, 평가 좋은 글에만 답글하는 이케야네요. 속 보입니다. 별 하나도 아깝습니다."
112,113,20220303,2022,03,03,5,204 Mk,신속하고도 쉬워서 70세 바라보는 아줌마(?)인데도 시중에서 못찾던 물건 금방 주문 해서 기분 좋았어요^^
113,114,20210914,2021,09,14,1,개아지,지역선택부터 지역목록이 안나와서 사용할수조차 없음!!!. 앱 외주 맡긴곳 바뀌었나요? 완전 개판입니다 ㅡㅡ
114,115,20211027,2021,10,27,3,슈퍼돼지,배송방법이 트럭말고 택배도 추가 되었으면 좋겠음. 그리고 상품카테고리가 조금더 상세 했으면 좋겠음
115,116,20211207,2021,12,07,3,NCCoke,장바구니 담고 결제하기 누를때마다 배송지 입력하는거 속터짐.. 배송지 설정을 하게 해놨으면 결제하기 누를때 바로 그 배송지 기준으로 해줘야죠
116,117,20210223,2021,02,23,5,씨엘 딸하나아들둘,주문 무난하고 결재까지 순조롭습니다. 배송비가 무조건5000원인듯. 매장에 없는 제품도 구매되고 좋네요.
117,118,20211205,2021,12,05,1,123 0101,재고부족 문제가 많고. 재고가 있다고 표시된 것이 실제와 달라서 결국 주문이 안되고. 고객문의는 답답하게 만들어서 제대로 된 답을 얻기 힘들게 해놓음. 물건가격에 비해 배송비는 최악이고. 총체적으로 서비스가 최악의 회사로 보임. 한국에서 생존 못할 것으로 보임.
118,119,20210126,2021,01,26,1,Da Seo,"설정에서 매장변경, 계정정보변경등등 아무것도 안먹힙니다. 제발 수정 좀 하세요."
119,120,20210809,2021,08,09,1,쉴가,갑자기로그인이 안됩니다.문의도안되고 전화도 안되고...뭐이런앱이있나요... 어떻게 해야좋을지...시간낭비 엄청했네요...
120,121,20201224,2020,12,24,1,김종기영자,새로운 앱 정말 짜증나네요 제대로 만들어 놓고 바꾸던지 불편해서 사용을 못하겠네요
121,122,20220226,2022,02,26,4,이리아,디자인등 제품을간편하게 보기는 괜찮아요 다만구매할려고상세하게볼려고하면정보가 미흡한듯
122,123,20210909,2021,09,09,1,이주광,대기업의 앱이라 생각할 수 없을 정도로 최악의 퀄리티임. 로그인도 안되고 비번 찾기는 더더욱 안되고...
123,124,20220201,2022,02,01,5,YM Jung,"이케아 매장 쇼핑에 매우 도움됨. 재고 여부 확인해서 헛걸음 안하고 재고 위치 확인해서 쇼핑 시간도 단축됨. 제품에 대한 상당히 정확하고 상세한 정보 덕분에, 매장 방문 전 어떤 제품을 구매할지 계획 수립에도 매우 도움됨."
124,125,20210424,2021,04,24,1,SENTINEL,구매내역 및 배송내역 어디로갔죠? 빠른수정바랍니다 매우 신뢰도 떨어지네요
125,126,20220804,2022,08,04,1,조안나,결제가 자꾸오류나서 장바구니로 돌아가게만듬.
126,127,20210109,2021,01,09,1,sunny K,구매하고 싶은데... 결제창이 안열릴 뿐이고... 왜 자꾸 결제 첫 창으로 되돌아가는지. 어느덧 회귀 10회차...
127,128,20210104,2021,01,04,1,blueisblue,쓰던 앱 업데이트해야 사용가능하다고 해서 업데이트했는데 왜 자꾸 구글스토어 이케아로 연결되는거죠? 업데이트마다 삭제하고 다시 깔아야 하나요?프로그래머 반성하세요.
128,129,20201223,2020,12,23,1,june lee,새 앱으로 다운받은뒤로 로그인이 안됨!!!!!!!... 비밀번호 재설정 해봐도 안됩니다
129,130,20210502,2021,05,02,5,Suhyun Park,감성을 떠나서 근본이 확고한 실용적 디자인의 제품들이 많은게 정말 마음에 듭니다 ㅎㅎ
130,131,20220105,2022,01,05,5,•씨씨,"처음엔 화딱지났는데, 점차점차 나아져서 행복합니다ㅎㅎ 항상 잘 쓰고있어요:)"
131,132,20210610,2021,06,10,1,꿀젠,로그인을 눌리면 창이뜨는데 화면이 넘어가질않아요 로그인도안되고요 비번을 몇번이나 바꾸고 찾아도 안됩니다
132,133,20210912,2021,09,12,1,김희정,"로그인 안 되는 어플은 처음 봄. 코로나 때문에 자주 못 가서, 장바구니 or 찜 해 놨다가 직접 가서 보고 구매하려고 열심히 넣어놨는데, 아예 로그인도 안 되고, 비밀번호찾기도 안 되고, 아예 내 정보를 볼 수가 없음. 이런 미개한 어플은 처음임."
133,134,20220212,2022,02,12,4,엄혜진,정확한 이름이 아니년 검색이 잘 안되는 단점이 있지만 자세한 설명이 좋아요
134,135,20211130,2021,11,30,1,오수경,"각 종목별 메뉴, 제품찿기가 너무너무 힘들어 쇼핑이 좌절되고 열받음"
135,136,20210514,2021,05,14,2,손미마,카테고리가 없어서 물건을 검색해야만 볼 수있어 넘나 불편. 모가 있는지 알아야 구경하면서 사죠.
136,137,20201226,2020,12,26,1,김지연,예전에도 회원가입 돼 있다고 다른 매장에서 로그인도 안되고 탈퇴하고 새로 가입도 못하고 결국 구매 못하고 돌아왔고 매장에서는 처리안된다고 본사에 전화 통화로 간신히 해결했는데 앱 바뀌면서 또 로그인 오류라고 메일로도 안되고 핸폰문자도 안되고 어쩌라는 건지? 다른 평가 읽어보니 편리하다는 짧은 글엔 감사하다고 답글달고 불편하다는 평가는 답글도 해결법도 없네요 차라리 일관성있게 무시하고 답글 달지 말던지 불편하다 오류있다에 더 성의있게 답변을 하는게 상식이지 않나 싶은데 제가 이상한가요?
137,138,20220329,2022,03,29,5,레오펜더 (YJ Studio),"사진이 직관적이며, 자세한 사양이 눈에 쉽게 들어옴."
138,139,20210209,2021,02,09,1,Becky Baek,로그인이 안되요. 온라인으로는 잘만 되는데 왜 앱이 로그인이 안될까요 참 궁금하네여 ㅎㅎㅎ
139,140,20201228,2020,12,28,3,Audrey Seo,기존앱에서 설치하라고 해서 설치 후 검색도 잘하고 좋았는데...왜 닫기를 클릭했는데 안될까요? 닫기클릭하면 앱에서 나가는거 아닌가요?
140,141,20220327,2022,03,27,4,정윤 (윤배씨),온라인이랑 지점별로 따로팔고 큰가구도 지정일 배송도 선택이 안되는데 좀 불편하네요
141,142,20220225,2022,02,25,4,박민형,원하는 가구를 직관적으로 찾기 어렵지만 스크롤 내리면 다 찾을 수 있네요.
142,143,20210115,2021,01,15,5,정명호,"전화로 구입하는 것도 모든 정보를 알려줘야 하니 불안해서 이케아 광명점, 일산점을 오가며 구입하다보니 시간이 엄청 소요되었었는데 더구나 코로나로 매장을 방문하는 것 자체가 꺼려졌었는데 앱을 깔고 온라인으로 엄청 간편하고 안전하게 구입할 수 있게 되어서 너무 만족스럽습니다"
143,144,20211206,2021,12,06,5,Google 사용자,원목이면 원목 골드면 골드 이렇게 검색했을때 그거에 대해서 쭈욱 나와서 인테리어 컨셉잡고 제품찾아보기가 좋습니다
144,145,20220801,2022,08,01,5,여준상,정말 간편하고 좋아요
145,146,20220802,2022,08,02,5,복둥이,잘찾아보고있어요
146,147,20220820,2022,08,20,5,ilok jeung,깔끔하구 편리해요
147,148,20220908,2022,09,08,5,citisn Kim,베리 굿 판타스틱 경험치
148,149,20220925,2022,09,25,1,youngbin yoo,앱구림..제대로작동하는게하나도없음 로그인부터 비번찾기도안됨
149,150,20220705,2022,07,05,5,에이스정,쉬고 간편하게 잘되있어요.
150,151,20220605,2022,06,05,3,김은정,섹션리스트가 없는건지... 못찾겠어요
151,152,20220606,2022,06,06,3,EomJJu,서버 환경 관리 필요
152,153,20220524,2022,05,24,5,JS H,아주 편리하고 좋아요
153,154,20220510,2022,05,10,3,Chang Jun,배송비가 너무 비싸 요
154,155,20220714,2022,07,14,5,in suk lee,편리해서 좋아요
155,156,20210411,2021,04,11,4,Hyein Kang,다 좋은데 제품군 분류를 좀더 세분화해줬으면 좋겠습니다
156,157,20210207,2021,02,07,5,햄돌이와햄톨이,그냥이캐아가서 사지않고굳이 앱을깔아야하나요? 그래도 편리해서 고마워요 하지만 너무 다른 배송앱보다 비교되내요
157,158,20210727,2021,07,27,1,애플민트,이런 그지같은 앱은 처음이네요 멀쩡히 가입 받아놓고 로그인 오류 뜨는 현상 지속이면 개선을 해야지 성격 테스트 합니까? 가입은 왜 받은거??내정보 내놔
158,159,20211008,2021,10,08,2,장두영,앱에서는 제품을 찾기 불편합니다. 그래서 컴퓨터로 찾아서 위시리스트 작성하고 현장에서 물건의 위치를 찾을 때 사용합니다.
159,160,20220625,2022,06,25,4,eunkyoung choi,생각보다 사용하기편하나 검색이불편함
160,161,20210204,2021,02,04,5,silvia lee,가성비 너무 좋은 제품들을 온라인으로 바로 주문할수있어서 좋아요~
161,162,20210131,2021,01,31,4,Hye ryeong Park,다양한제품을 보는데 좋아요 하지만 새로 바뀐후는 검색이나 차례로 보기 힘드네요
162,163,20211103,2021,11,03,5,뿌잉,볼 것도 많고 디자인들도 다 예뻐요 글구 저렴하고 만족하네욘
163,164,20210630,2021,06,30,4,gina kim,매장과 온라인재고가 너무 차이가 나네요..품절이 너무 많아요
164,165,20220214,2022,02,14,5,Lina Lee,미리 앱으로 둘러보고 쇼핑할 때 바로 pick할 수 있어서 너무너무 좋아요!
165,166,20220812,2022,08,12,5,Scott Lee,편리하네요
166,167,20210620,2021,06,20,5,Young Joon Lee,검색조건을 다양하게 제공해줘서 제품을 쉽게 찾을수있고 편하게 구입할수있네요.
167,168,20220206,2022,02,06,5,Kyungmo Yang,쇼핑전 재고확인 하기 좋고 쇼핑리스트 만들어서 시간 절약이 됩니다
168,169,20210316,2021,03,16,5,전선미,제품검색시 가격순으로 정렬되면 편리할것같아요
169,170,20210215,2021,02,15,4,릴리,장바구니에 담긴 물건중에 선택 구매기능이 있으면 좋겠어요
170,171,20210703,2021,07,03,5,신성재,상품을 검색하고 제품정보까지 확인하고 장바구니에 담고 결재까지 과정이 충실하고 단순해서 좋아요
171,172,20220609,2022,06,09,5,이혜경,편리하게 잘되어서 좋습니다
172,173,20210503,2021,05,03,3,영차,오랜만에 들어가니 앱도 바뀌고 가격도 올랐네요
173,174,20220613,2022,06,13,4,GoWoon Choi,이름 모르면 물건 찾기 힘들어요.
174,175,20210212,2021,02,12,1,hyun sook jang,"매장에서 구매하기에 기존 앱을 사용해도 상관없는데, 새 앱을 다운 받으라 해서 다운 받았고 기존 앱에서 쓰던대로 로그인 했는데 왜 계속 오류가 뜨나요?"
175,176,20220501,2022,05,01,2,Jinhee Choi,결제오류로 사람 빡치게 하는 일이 한 두 번이 아님 고객센터 연결하는 것도 넘 힘들고 걍 매장가서 사는 게 맘 편함 검색어에 걸리는게 제멋대로라 스킬이 필요함
176,177,20210313,2021,03,13,1,이우정 (Olivia),앱이 이전이 훨씬 검색하기 좋았어요 카테고리분류도 안되있고 이상해요
177,178,20210214,2021,02,14,1,이윤승,앱을 새로 설치한뒤로 패밀리카드 바코드가 뜨질 않고 빈화면만 나옵니다.
178,179,20220227,2022,02,27,5,김세원,재고여부 위치 등 한번에 알수있어서 사용하기 편리해요
179,180,20220129,2022,01,29,5,Sung woo Kim,재고확인 업데이트가 잘 안되긴하는데 제품들 미리 볼수있어서 좋아요!ㅎㅎ
180,181,20210308,2021,03,08,4,조진경,상품을 보다가 위로 바로 올라가는 버튼이 없어요
181,182,20220327,2022,03,27,5,Jaeseong Yun,직접가서 구매전에 제품의 재고 및 디자인을 볼 수 있어 좋아요!!
182,183,20211001,2021,10,01,1,BLUE218,크롬 제거 후 설치가 안되는데 크롬으로만 로그인이 가능하다니 이게 무슨 소린가요..
183,184,20220315,2022,03,15,5,최유정,"재고, 위치 확인할수 있어 너무 편하고 좋아요!"
184,185,20220703,2022,07,03,5,김남규,편하고 깔끔하네요
185,186,20220630,2022,06,30,5,대박난다,처리가 빠르고 유용하네요~^^
186,187,20211205,2021,12,05,5,YJ Baek,편리하긴 한데 주소변경등이 직관적이지 않고 번거로워요
187,188,20210829,2021,08,29,5,신상현,가격도 저렴하고 상품들은 너무 저령하고 좋았어요
188,189,20210505,2021,05,05,4,옆자리세키군,로딩시간이 좀 길어요 인터넷처럼 정렬기준에 가구 폭도 있음 좋겠어요
189,190,20221001,2022,10,01,5,이영일,사용하기 편합니다.
190,191,20210213,2021,02,13,1,이지원,퇴보. 재고알림도 안되고 검색도 불편.
191,192,20220718,2022,07,18,5,이순금,깔끔하고 소재가 맘에들어요
192,193,20210418,2021,04,18,1,SeungHyun Lee,아니 도대체 왜 구매내역은 3년전꺼는 못보는 겁니까? 리콜 대상 부품에 대해 구매자에게 다 일일히 연락하는것도 아니면서 3년전꺼 구매내역도 못보게 하면 내가 얼마에 구매한지 확인이 안되는데 참나
193,194,20220617,2022,06,17,4,황태욱,약간 버벅일 때가 좀 있네요
194,195,20210518,2021,05,18,2,Jjung Yyang,장바구니에 담아놓고 셀프서브 구역에서 찾으려고하면 섹션이 아예 표기가 안돼어 있습니다. 너무너무 불편해요. 왜 이런거죠???
195,196,20210303,2021,03,03,5,박미경,필요한것들 온라인으로 싸게 구매할 수 있어 편리합니다.
196,197,20210608,2021,06,08,5,SongMi Kim,가끔 아주 싸고 좋은 물건들이 있어요 배송비는 비싸네요
197,198,20220114,2022,01,14,3,Sohyoung Kim,온라인으로 살수있어 좋은데 기능 옵션선택 부족
198,199,20210425,2021,04,25,4,그린마켓,제품 구매 및 상품 확인 주문하기 모두 아주 편해요
199,200,20210811,2021,08,11,5,전보라,장바구니에 보관된 안내 메일이 매우 정감있어 다시 들여다 보게 된다.
200,201,20210323,2021,03,23,2,라니쫄 (쫄라니),코디된 사진보단 기존처럼 신제품 인기상품 나눠져 있던 카테고리가 더보기는 좋았어요;;불편
201,202,20210824,2021,08,24,5,Nani Shin,사전에 관심있는 가구 찾아보기 편하고 매장에서 직접 픽업할 때도 재고 및 위치 확인하기 좋음
202,203,20220214,2022,02,14,1,cyain,앱이 거지같아요 배송 주소수정 불가하고.. 장바구니 담은 후에 뭐든 되는게 없네요
203,204,20210410,2021,04,10,5,kassan2012,편하게 쇼핑할 수 있어요 재고 보여주는것도 좋고요
204,205,20211105,2021,11,05,1,허재영,재고가 있다라고 나와 있는데 구매클릭하면 재고 없다라고 나오네요...문제가 아직 많은듯요
205,206,20201223,2020,12,23,1,이영진,모바일설치가안되는지요 버퍼링만되요
206,207,20220205,2022,02,05,5,Changhun Lee,이 앱없었으면 어찌살았을지. 특히 상품확인이랑 제고 확인이 정말 유용합니다.
207,208,20210316,2021,03,16,3,김은혜,매장에 가면 있으나 앱안에서의 검색시 없는게 많음
208,209,20210309,2021,03,09,5,정인원,주문변경이나 취소시 쉽고 빠릅니다
209,210,20211218,2021,12,18,5,요나짱,디테일하고 직관적인 편리한 사용!
210,211,20211208,2021,12,08,1,수박화채,어플 말고 그냥 인터넷 앱으로 들어가서 주문하는게 낫겠네여. 한국사람들은 답답해서 못쓸듯요... 임산부라 오프라인 매장 못가겠어서 온라인 주문하는데 무슨 열흘뒤에 출고한다고 하고... 징하게 답답한 시스템이네요... 오프라인 아니면 한국에서 곧 철수당할듯;
211,212,20210527,2021,05,27,4,김은주,편하게 잘 구입했어요. 다음에도 앱으로 구매할것 같아요.
212,213,20210510,2021,05,10,3,선누리마루,검색어가 한정적이라 검색 안 되는 것이 많음.
213,214,20211204,2021,12,04,5,김은주,멀어서잘못가지만 앱으로 잘이용하고있어용^^
214,215,20210622,2021,06,22,4,양유리미,제품에대한 설명과 상세 사이즈가 잘 표기되어 있고 종류별로 구매가능하여 유용함
215,216,20210403,2021,04,03,1,동훈,그릇이 어느 카테고리인지 직관적으로 안보임 검색해야 겨우 나옴.... 너무 불편
216,217,20220316,2022,03,16,5,Eunice Park,직관적이고 사용하고 편리합니다 :)
217,218,20211011,2021,10,11,1,mchlll 22,로그인창이 계속 오류나고 튕김 멀살수가 없음ㅡㅡ 오프라인 매장에서도 계산할때 맨날 계산대에서 계속 오류나고ㅡㅡ 아이티부서 신경좀 써주세요
218,219,20210331,2021,03,31,3,다니엘,위로가기 탑 버튼 없어서 불편 옵션 선택 레이어팝업 흐름 불편 전체제품보기 일부만 보시고 짤려서 불편
219,220,20211214,2021,12,14,5,새로운소식,신속한 선택 가능한 정렬 도움 많이되요
220,221,20220209,2022,02,09,5,고구마마스터,"편해요 빠르고, 불편한점 없을 무"
221,222,20210130,2021,01,30,5,박정희,원하는 물건을 쉽게찾을수 있어서 좋습니다
222,223,20220404,2022,04,04,3,Youn Kong,앱 켰더니 pc에서 장바니에 담아두었던 제품이 다 사라졌어요.....
223,224,20220402,2022,04,02,5,Camellia Park,물건찾기 편하고 구매하기 쉬워요
224,225,20220202,2022,02,02,5,이금지,잘쓰고있음 쇼핑갈때 쓰고가면 편리함
225,226,20210701,2021,07,01,1,김현재,이렇게 쓰기 불편한 어플도 흔치 않은듯 하다. 연봉 얼마받고 이따위 어플을 만드는 건지 궁금하다. 아니면 어플이 뭔지 이해를 못하는 건지도 모르겠다. 여기 관리자는 칭찬에만 답글 다시네 ㅎ
226,227,20211026,2021,10,26,5,김민서,상품 상세 사진정보가 더 많았으면 좋겠어요
227,228,20220630,2022,06,30,1,Stella Kim,다운로드가 안돼요 30분째 기다렸다가 취소설치반복중이요
228,229,20210520,2021,05,20,1,김동건,앱 재고보고 지점 방문했더니 재고가 실시간 반영 안 되어 헛걸음 했네요. 이따위로 운영할거면 어플 재고가 왜 표시되는건가요. 직원들도 하나같이 죄송합니다 하면 다인가요?
229,230,20220211,2022,02,11,3,Seunghwan Lee,고객센터 누르면 웹페이지가 따로 열리네요 앱 안에서 다 처리되도록 수정되면 좋겠어요
230,231,20210214,2021,02,14,2,임쑤,가입하려는데 뭐가 잘못됐다고 알려주지도 않으면서 안되네요 개선해주세요
231,232,20210903,2021,09,03,1,박세진,비밀번호찾기하는데인증번호가오지않습니다.여러번해도단한번도오지않습니다.비밀번호어떻게찾나요?
232,233,20210401,2021,04,01,2,냥E,위시리스트에 저장해 놓은게 사라졌네요
233,234,20210119,2021,01,19,1,최현정,로그인 절대안됨 내가 잘못한줄 알고 계속 해봤는데 안되네요 짜증나네요
234,235,20220224,2022,02,24,5,Hee K.,오 이렇게 주문하기 편한줄 몰랐어요. 배송도 되고 굿굿
235,236,20210807,2021,08,07,1,jy J,이봐 어플답변담당자ㅋㅋㅋ 어이없네 별5개 준 리뷰만 답장하냐? 그것도 복사붙여넣기 답장으로? ㅋㅋㅋ 일하는 꼬라지봐라 ㅉㅉ 문제투성이어플 개선하라고!! 하기싫음 때려치우던가.
236,237,20211202,2021,12,02,3,꿈돌이,없는 물건들이 많아요.온라인쇼핑에 어려움이 많네요
237,238,20210903,2021,09,03,5,뽀오오,인터넷쇼핑몰보다 싸요!배송은 늦어요!
238,239,20220228,2022,02,28,5,강성은,배송도 빠르고 포장 상태도 아주 좋습니다
239,240,20211013,2021,10,13,1,현이혀니,로그인하려는데 자꾸 크롬이 계속 중지된다면서 안 되네요 어떻게 이용하라는건지...?
240,241,20210608,2021,06,08,5,이닝이,이케아의 정신(마인드)을 좋아합니다. 사고싶은게 너무 많네요!
241,242,20220515,2022,05,15,5,SangYoon Shin (Henry),셀프서브구역에서 픽업시 메모하기 좋다.ㅣ
242,243,20220809,2022,08,09,5,공진희,온라인주문 편해요
243,244,20211117,2021,11,17,1,권민경,제발 뭐좀 사게 로그인좀 시켜주세요. 비번찾기가 진행이 안됩니다.
244,245,20221003,2022,10,03,1,포도100,어쩜이리 거지같은 어플이...
245,246,20210422,2021,04,22,5,방배동밤안개,좋아요~~~편히 쇼핑 잘 하고 있어요
246,247,20210228,2021,02,28,4,최옥희,쇼핑과 멤버쉽같이 사용해서 쓸만함
247,248,20210906,2021,09,06,5,임영수,물건찾기도 편하고 편리함
248,249,20220205,2022,02,05,5,김미경,상품의 질이 좋고 가격 저렴
249,250,20220330,2022,03,30,2,홍단비,제품 찾는거 불편해요. 뭔가 보기도 불편한 제품소개들
250,251,20210321,2021,03,21,4,노아네집,업데이트하느라 바로바로 사용할 수가 없네요
251,252,20220322,2022,03,22,4,안정훈,오류가 조금 자주나는것 빼면 아주 좋아요
252,253,20210615,2021,06,15,4,Eunkyoung Kim,다 좋은데 배송비 너무비싸요ㅠ
253,254,20210926,2021,09,26,1,Alice Moon,재고가있음에도 자꾸 장바구니에 담는데 실패하면 어떻게 구매해야하나요
254,255,20210301,2021,03,01,5,꼬미,사진으로 구성된 상품안내가 좋았어요
255,256,20220903,2022,09,03,5,함태승,사용하기 편해요
256,257,20220921,2022,09,21,5,박진영,온라인 구매가 가능해서 좋네요
257,258,20220709,2022,07,09,5,Kyung-yeon Doh,이케아 매장처럼 사용경험이 순탄하네요!
258,259,20220521,2022,05,21,5,샤라,미리 보고 고를수있고 재고 여부도 알수있어 좋아요
259,260,20220710,2022,07,10,5,K Bae,쓰기 편해서 좋아요.
260,261,20220620,2022,06,20,4,Yun Seo Park,예전보다 원활하게 잘돌아가네요
261,262,20220701,2022,07,01,3,Tv L,가끔 오류있어서 결제 안넘어감 눈돌아갈뻔
262,263,20220703,2022,07,03,5,jeongea KIM,매장 가지않고도 구매가 편하네요
263,264,20220625,2022,06,25,1,이호준 (나각),최악 정말 불편 쿠팡앱 절반만 배워라
264,265,20220621,2022,06,21,5,김혜랑,지방사는 저한테는 너무 좋으네요
265,266,20220630,2022,06,30,1,류원규,구매를 포기하게 만드는 신기한 쇼핑앱
266,267,20220525,2022,05,25,5,박수진,사용하기 너무좋아요
267,268,20220626,2022,06,26,5,김지니,카달로그처럼 이용중이에요
268,269,20220611,2022,06,11,5,Seung-Joon Park,예전버전 보다 편해졌음
269,270,20220611,2022,06,11,5,이승우,심플하고 좋아요
270,271,20220711,2022,07,11,5,김건형,정말 유용해요
271,272,20220527,2022,05,27,2,J블랑쉬,지금 장바구니 안보여요. 빨리 해결해 주세요.
272,273,20210614,2021,06,14,4,Deok hee Hwang,잘사용하고있습니다. 바로구매 추천합니다.
273,274,20220615,2022,06,15,5,훈훈햄,좋아 아주 좋아
274,275,20210111,2021,01,11,1,틴튜,로그인이 인돼요:; 비밀번호까지변경했는데 not found 민 떠요 이케아 가야하는데 못가겠네요ㅠㅠ
275,276,20220511,2022,05,11,1,호호쓰,로그인이 안됨
276,277,20210525,2021,05,25,1,강버들,주문 정보도 안보이고 대체 어떻게 이용하라는건지 별하나도 아깝습니다.
277,278,20210222,2021,02,22,5,김카탐,다양한 제품을 한눈에보니 좋았어요
278,279,20211110,2021,11,10,1,블러리_veloly,재고가 분명 남았는데 왜구매하려하니 재고가 없다고 뜨면서 구매가 안되는건가요?.
279,280,20220420,2022,04,20,3,김호빵,실제 사용 예시 사진이 있으면 좋겠어요.
280,281,20220604,2022,06,04,5,박소하,잘 사용하고 있음
281,282,20210216,2021,02,16,1,ᄀ,예전처럼 카테고리에 전체 상품 다 나오게 해주세요. 바뀐 앱 진짜 빡침
282,283,20210525,2021,05,25,1,박영미,오류가 무지 많이나네요. 불편하다는 리뷰가 장난 아니게 많은데 별 다섯개 아님 답변도 없고 오류도 안고쳐지고.. 주소오류.우편번호오류.장바구니안뜨는 오류 ...ㅡㅡ 쇼핑 성공한분들 대단하네요 ㅡㅡ
283,284,20210423,2021,04,23,5,서채원,좋은제품들~검색도좋구요.
284,285,20220927,2022,09,27,1,이유미,앱이 완전 엉망 짜증나서 지움 별하나도 아까움
285,286,20211203,2021,12,03,1,슈퍼고냥이,로그인오류. 비번찾기도 안됨. 답답함. 포기
286,287,20210419,2021,04,19,4,Justin Kim,편하네요. 배송비가 있긴하지만..
287,288,20211207,2021,12,07,3,Jimmy Choo,저렴하고 친환경적이지만 퀄리티가 나쁘지 않아요
288,289,20220602,2022,06,02,5,Mijeong “Britney” Park,"굿군,쓰기 편하고 좋습니다"
289,290,20220528,2022,05,28,3,이상남,앱 배송 에러가 많음
290,291,20210917,2021,09,17,1,아이엄마,결제가 안되고 계속 오류가발생했다고만 하네요.
291,292,20220301,2022,03,01,2,박은주,장바구니 담은걸 골라서 구매할수가 없네요... 다구매하던지...삭제하던지...
292,293,20210111,2021,01,11,1,Jin Im,로그인 안됨. 절대 안됨.나를 탓하며 계속 시도했으나 안됨
293,294,20220204,2022,02,04,1,jini li,쇼핑몰 ㅎ 사이트앱과 비교시 많이 불변하고 허접
294,295,20220620,2022,06,20,5,Jini Park,편리한편
295,296,20220213,2022,02,13,3,Jinuk,화면 로테이트시 필터가 초기화되는 문제 수정 요청
296,297,20220410,2022,04,10,5,TAEJE (태제),다양한 물품이 많아서 좋아요
297,298,20220120,2022,01,20,5,김땡,디자이너제품들이 너무저렴하고 종류도다양
298,299,20220202,2022,02,02,4,Dongho Jeon (Zephyr),재고 업데이트가 유용하지 않음....
299,300,20221001,2022,10,01,5,김원진,군굳 좋아요
300,301,20220106,2022,01,06,5,박수빈,위시리스트 담을때 잘씁니다
301,302,20210124,2021,01,24,4,이태건,좋은데 배송비가 사악합니다.
302,303,20210402,2021,04,02,5,yearin choi,덕분에 인터넷으로 과소비안하고 구매 잘했어요^^
303,304,20210423,2021,04,23,3,라구리프라임,"제품찾기가 힘든편임,"
304,305,20201221,2020,12,21,2,이현애,제품을 찾기가 너무 어려워요
305,306,20210122,2021,01,22,4,김길성,이용하는데 약간 복잡함
306,307,20211117,2021,11,17,5,지은,오류나 버그 없이 좋아요
307,308,20220103,2022,01,03,1,GB Kim,배송조회하려는데 매번 배송번호를 넣어야 한다면 대체 로그인은 뭐하러 하는가?
308,309,20210118,2021,01,18,1,시나몽,구글은 왜 별 0.5개는 못주냐. 로그인이 절대 안됨. 모바일 페이지는 됨. 웃기죠? 근데 그걸 이케아가 해냅니다.
309,310,20220413,2022,04,13,1,Y Y,홈페이지와 연동도 안되서 카트에 담아도 홈피에선 뜨지도 않아요.
310,311,20211004,2021,10,04,4,3둥이아빠,품번검색이 안되는것이있다 타사이트를 통해서 검색시 검색이된다 별1삭제
311,312,20210207,2021,02,07,1,오다현,로그인이 안돼요!!! 계산대앞인데!!! 무슨 왜 페이지를찾을수없데 아오아오아오
312,313,20210324,2021,03,24,1,멍몽a,사려고하는것마다 품절 뭐 있는게 없어서 삭제
313,314,20220203,2022,02,03,1,admit,결제오류 났는데 취소도 안되고 상담원 연결도 안됩니다 채팅상담도 장식이고 고객센터 전화도 장식입니다
314,315,20210117,2021,01,17,1,장경은,이케아명성에비해완전엉터리 결재도잘않돼고로그인하려해도화면이안뜸ㅠㅠ 앱결재하지말라는것같음
315,316,20210407,2021,04,07,1,Jasmine LEE,꽤 자주 먹통이 되거나 링크 오류가 잦습니다
316,317,20210413,2021,04,13,5,송미진,사용하기 쉽고 좋네요!
317,318,20210825,2021,08,25,5,Rings So,유용하고 편리해요
318,319,20210530,2021,05,30,5,Jihyun Lee,복잡한 매장 방문 안해서 좋으네욥
319,320,20210324,2021,03,24,3,이태영,재입고날짜나 알림있음 좋을듯
320,321,20220406,2022,04,06,5,방혜란 (옹동스맘),싸고 품질이좋아요
321,322,20220306,2022,03,06,5,Insung Lee,온라인 재고 아이템만 구매가능해요
322,323,20220328,2022,03,28,5,꽁냥이,깔끔하고 편리함
323,324,20211223,2021,12,23,4,김민수,배송이 너무 느립니다..;;
324,325,20210621,2021,06,21,4,박대성,쉽게 잘 사용 했습니다
325,326,20210512,2021,05,12,1,ajdlkjsldjf asdfhsadjhf,매장정보 변경이 안되네요 광명에서 선택불가
326,327,20210228,2021,02,28,5,우대암,가격이 저렴하고 좋아요
327,328,20210323,2021,03,23,4,미니현이tv,모두다 배송이 되면 좋겠어요
328,329,20210111,2021,01,11,1,하애림,로그인이 잘 안됩니다
329,330,20210329,2021,03,29,5,Min Son Kim,딱 찾던 가구가 좋은가격에 있네요
330,331,20210114,2021,01,14,5,anne lee,가성비 굿. 내맘데로 데코할수 있어 좋아요.
331,332,20210718,2021,07,18,5,김형우,유용하고 좋은제품이 많아요
332,333,20210731,2021,07,31,5,박보라,사용하기 쉽고 좋아요
333,334,20210605,2021,06,05,4,제제의옥탑방,외국회사 앱 특유의 버벅거림은 있지만 쓸만해요
334,335,20210602,2021,06,02,5,Charlie Yoon,지난 번보다 편리해져서 좋습니다.
335,336,20201215,2020,12,15,1,Si Ci,물건을 찾을수 없다 목차 분류로 찾는게 없어짐 .. 왕불편
336,337,20210427,2021,04,27,1,박준우,로그인 잘 안된다
337,338,20210506,2021,05,06,1,JOHNKOOM,글구 가격 정렬두 낮은순 높은순 두가지 하믄 대지 1만~2만 이건 떠 뭐여 ㅋㅋㅋㅋㅋㅋㅋㅋㅋㅋㅋ
338,339,20210826,2021,08,26,5,서현지,너무좋은이케아제품
339,340,20211005,2021,10,05,5,SUNY LEE,신제품을따로모은 카테고리도있으면좋겠어요
340,341,20210424,2021,04,24,4,조오타,사 용하기 편리하네요
341,342,20201218,2020,12,18,1,윤해라,불편이나 오류가 있다는 글에는 답글도 안다는군?! 너무 속보이지 않아요?
342,343,20220520,2022,05,20,5,은구은구,사용하기 편해요
343,344,20210328,2021,03,28,3,Justin Noh,지역선택중 인도네시아는 왜 없는건가요?
344,345,20220209,2022,02,09,5,늘봄,간편하게 구매할수있어 시간절약됩니다.
345,346,20210125,2021,01,25,1,혜니,상품 누르기만 하면 앱이 꺼져요^^
346,347,20210212,2021,02,12,1,우주진,로그인 오류 언제 고치냐...
347,348,20210502,2021,05,02,5,tesk kim,네이버 검색해봐도 여기 공식몰에서 사는게 더 싸고 앱 이용도 편하네용
348,349,20210729,2021,07,29,1,Darcy KIM,내 글 왜 지우나? 별로 라고썼는데...쯪..별로라고...내 글 삭제하지말라고...알았나?
349,350,20220407,2022,04,07,5,노성주,점점 사용하기 편해 지네요~
350,351,20220705,2022,07,05,1,CROMA,ㅋㅋㅋㅋㅋ 요즘에도 어플이 이따위로 ?
351,352,20220115,2022,01,15,1,Seungjae Park,"앱이 주소, 선호 매장 수정등 되는게 없음;;;; 이런게 북유럽 감성인가..."
352,353,20210321,2021,03,21,4,김은희,재고없음과 실재고가 안맞는듯
353,354,20210523,2021,05,23,1,안계훈,물건 위치는 왜 안알려주는거야. 좋다고 쓴 후기에만 댓글 달고있는거 챙피하지도 않나?
354,355,20220125,2022,01,25,1,쉿 울지마 나의 작은 반도체,배송불가에 대한 안내가 없어 불편함
355,356,20220407,2022,04,07,1,wingmanforce,돈도 많을텐데 앱에 투자 좀 해라. 이런 원시적인 앱은 첨이다.
356,357,20210627,2021,06,27,5,형금주,처음주문이고 아직 상품받지도않아서
357,358,20220802,2022,08,02,1,TREE50 LEE,에러나요 매장선택안되고 회원id조회가 안됨
358,359,20211028,2021,10,28,3,김지민,여러모로 국내 인터넷 쇼핑몰이 쉬운카테고리접ㄱㄴ
359,360,20210411,2021,04,11,5,김성훈,매장내 품절된 상품 주문용으로 .....
360,361,20201227,2020,12,27,1,jiyoung lee,최악의 앱 기존 회원인데 로그인도 안되고 와 이건 머죠?
361,362,20220222,2022,02,22,3,김태유,제품설명이 좀 떨어지고 주문시 유의사항에 대해서 설명이 부족함
362,363,20210410,2021,04,10,5,최혁진,사용하기 편하고 좋아여!!
363,364,20201219,2020,12,19,1,taeyoung lee,뭔 비밀번호 설정이 이리 까다롭노? 은행이여? 누가보면 뱅킹하는줄 알긋네!! 아무라 외국 브랜드지만 한국에서 팔아먹을라면 한국식으로 하슈.
364,365,20210828,2021,08,28,4,Jongkil Bae,온라인재고파악이 지점별로만 되어서 불편함
365,366,20220212,2022,02,12,4,허신,직접 매장에 가지않고 이케아를 이용할 수 있어서 굿~!
366,367,20210414,2021,04,14,5,최라니,예전 앱보다 훨씬 사용하기가 편리해요
367,368,20220620,2022,06,20,1,이리듐,로그인 안됨
368,369,20210414,2021,04,14,1,이성범,카테고리가 다 사라져서 둘러보면서 찾기가 힘듬 구관이명관이라는 말이 딱 어울리는 어플
369,370,20220115,2022,01,15,1,JG Yoo,이케아 제품 구매서비스 최악입니다 완전 비추천입니다 그냥 우리나라 제품 사는게 정신건강에 좋습니다
370,371,20210718,2021,07,18,1,또리(천또리),최악의 앱 혼자멈추고 꺼지고 실행안됨
371,372,20210524,2021,05,24,1,배시원,국가설정에 왜 대한민국이 없는건가? 왜? 대한민국에서 장사 안해?
372,373,20220403,2022,04,03,3,최경훈,다운이 불가능합니다.. 이유는 모르겠어요
373,374,20210825,2021,08,25,2,밍키show,로그인방법이 어려워요
374,375,20210217,2021,02,17,5,그리니치인 뉴욕,편리하고 좋아요!
375,376,20210811,2021,08,11,1,K종이,주문상품내역을 보려면 주문번호를 입력하라는데 누가 주문번호를 적허두나요? 그냥 주문내역을 들어가서 확인하죠
376,377,20220224,2022,02,24,3,이혜경,다른앱에비해서 다소 시간이 오래걸림
377,378,20211104,2021,11,04,1,une hee lee,로그인도 안돼는 어플은 처음봄
378,379,20210610,2021,06,10,3,준혁TV,저렴한가격 좋아요~~
379,380,20210619,2021,06,19,5,Jihyun Yu,구매하고싶은물건이없을때다른매장체크해서구매하기쉽네요
380,381,20210421,2021,04,21,5,박세연,시스템 이 잘되어 있네요
381,382,20210110,2021,01,10,1,정국이네이모할머니,로그인 창도 안뜸ㅋㅋㅋㅋ 장난하나..... 짜증나네
382,383,20210318,2021,03,18,5,이미경,사용하고자하는것을 찾아볼수 있어서 좋아요
383,384,20201224,2020,12,24,1,yeunhee jung,불매운동! 한국노동자들 처우 개선해라!
384,385,20220119,2022,01,19,5,눙눙이,가성비가 높아 좋아요.
385,386,20211207,2021,12,07,5,seonmi kim,자세하고 친절한 설명
386,387,20210221,2021,02,21,5,권순홍,가기전 찾아보고 가서 픽업하고 굿
387,388,20220531,2022,05,31,5,최쪼쪼,베리 나이스 입니다
388,389,20220301,2022,03,01,5,남nhj0518,제품에 관한 정보전달이 잘되어 있습니다
389,390,20210408,2021,04,08,5,헤라님,좋아요좋아요~~역시 이케아~
390,391,20210824,2021,08,24,2,Sk son,물건찾는게 좀 한눈에 안들어옴
391,392,20210308,2021,03,08,5,Jung June,매장안가도되서 편해요
392,393,20220405,2022,04,05,5,kikizzang0815,맘에 들고 편리해요
393,394,20220410,2022,04,10,4,Eun hee Cho,재고확인이 편해요
394,395,20211229,2021,12,29,4,O-oji,ikea place 는 사라졌나요? AR로 가구배치를 해봤던기억이나는데
395,396,20220401,2022,04,01,5,오동훈,그냥서귀포에이케아가없더서구매할수있어참다행이에요^^
396,397,20210221,2021,02,21,4,임지연 (블루민트),설명이 잘 되어있어요ㅎ구경할거많아요
397,398,20211218,2021,12,18,5,Yohei P,앱이 상당히 직관적이네요. 맘에 쏙❤
398,399,20220217,2022,02,17,1,박보리,아니대체 로그인이 왜 안되는건가요??
399,400,20210320,2021,03,20,2,이쩡,여기는 나쁜 리뷰에는 쌩까고 조은리뷰쓴사람에게만 감사하데 기회주의ㅋ 이케아 손쉽게 쇼핑이잘안된다 하다보면짜증남
400,401,20201214,2020,12,14,5,SungOh Yoon,굿굿 이젠 앱으로 구매도 가능하군요
401,402,20210130,2021,01,30,4,오승훈,온라인에서 삼성페이 결제도 되게 해주세요
402,403,20211126,2021,11,26,5,Hayden KIM,다양한 정보들이 있어요!
403,404,20201201,2020,12,01,1,Y.-C. Jhi,지역선택에 한국은 왜 없는지?
404,405,20210302,2021,03,02,5,김신애,편하게 잘 이용하고있어요
405,406,20210126,2021,01,26,1,JIN PILLP,왜 자꾸 뜨냐? 앱열면 왜 자꾸 구글마켓으로가냐? ㅈ
406,407,20211015,2021,10,15,4,콩2 nuna,실시간으로 재고 확인할수있어서 편해요
407,408,20210125,2021,01,25,5,박정훈,잘 사용하고 있네요
408,409,20210411,2021,04,11,3,박창기,카팻상품좋아요.
409,410,20210714,2021,07,14,5,금몽이 (goldenmong),좋아여 난 내가 좀 많이 받으세요
410,411,20201220,2020,12,20,5,아일장모,너무 편리해졌네요
411,412,20211010,2021,10,10,1,이수현,어플로그인이 자꾸튕겨요.삭제후다시깔아도 튕기네요
412,413,20220324,2022,03,24,5,김연희,보기편하고 구매선택이 용이합니다
413,414,20211104,2021,11,04,5,채원이놀이터,직접안가도 편해요
414,415,20210206,2021,02,06,5,최창용,사용이 편리해요
415,416,20211129,2021,11,29,5,Edo k,정말최고예요제가재고가부족하다고구매가안되길래알아보니까온라인재고랑오프라인재고는별개더라고요그렇담도대체온라인매장기능은뭐하러있는지왜온라인재고는보여주지않는지참궁금할정도고차라리이럴바에온라인배달기능은없애는게맞지않나싶을정도예요어짜피별5개아닌건답변도안다는거같아서5개로드려용
416,417,20220302,2022,03,02,5,김보경,제품검색하기좋아요
417,418,20210429,2021,04,29,3,Royce Song,각 지점별 재고현황안나오네요
418,419,20210602,2021,06,02,3,심재갑,주문내역 메뉴가 어디에 있나요?
419,420,20210131,2021,01,31,5,박아람,편하고 좋아요
420,421,20220216,2022,02,16,4,정지현,멀리가지않고 구매할수있어좋아요
421,422,20210524,2021,05,24,5,아름드리아름드리,편하고 좋아요
422,423,20210207,2021,02,07,5,김민지,편하게 잘썼어요^^
423,424,20211111,2021,11,11,5,Hye Y,편하고 좋아요
424,425,20210127,2021,01,27,5,Seongboo Kim,새로워진 앱 사용 감이 좋아요~
425,426,20211229,2021,12,29,5,babe baby,온라인몰에서 구매하기 편해요 ㅎㅎ
426,427,20211005,2021,10,05,5,Han young Lee,이정도면 충분합니다
427,428,20210220,2021,02,20,4,chang min yoon,배달되서 좋음
428,429,20220126,2022,01,26,5,남국순,사용하기 편리해요
429,430,20210213,2021,02,13,1,순대와오렌지쥬스,이거 왜 로그인이 안되요????
430,431,20210106,2021,01,06,1,007,앱조차관리를안하는가요 최악
431,432,20210824,2021,08,24,5,95:5의법칙성공연구소,잘사용하고있습니다.
432,433,20210521,2021,05,21,3,연필심,갑자기 구매내역이 보이지 않아요
433,434,20210409,2021,04,09,1,Google 사용자,많이 불편함을 느낀다.
434,435,20220204,2022,02,04,5,김또깡,너무 좋아용 최고
435,436,20220304,2022,03,04,4,슈니,가성비들이좋은거같아요
436,437,20210127,2021,01,27,1,조영준,카테고리가 없는데 물건을 어떻게 보라는 건지
437,438,20210804,2021,08,04,5,Yunmi yi,찾는제품이 많아 좋아요
438,439,20210402,2021,04,02,3,Hyunbae Jo,개선할 여지가 많네요
439,440,20220105,2022,01,05,1,Bm Choi,설치후 안됨. 뭐지
440,441,20220221,2022,02,21,5,리베로카,제품 가성비가 좋아서 이번에 소파베드를 앱으로 살지 직접가서 살지 고민중입니다
441,442,20210214,2021,02,14,5,장영옥,사용하기 편해서 좋아요
442,443,20210123,2021,01,23,1,최루루,카드가안되서 카카오페이결제로했는데도실패 결국네이버 페이결제로성공했네요 휴
443,444,20211011,2021,10,11,5,진행녀 (진행녀),이케아가기 전에 구매목록을 만들기 좋아요
444,445,20220205,2022,02,05,4,김0527,이케아 쇼륨도 제품들이 믿고찾는곳이 나의최애쇼핑센터 및우리집제품특히 하루에도 6잔이상마시고 유기농 커피 내일쯤 커피구매차방문예정 후라이팬 및 계랑컵 1리터 구매예정 별1개뺀것은 유리제품 잘깨지는단점이있음
445,446,20210124,2021,01,24,5,김정현,많이 좋아졌네요
446,447,20210323,2021,03,23,1,L J,로그인이 않됨.
447,448,20210326,2021,03,26,3,SOOCHANG YANG,^^ 좋아 좋아 아주 좋아
448,449,20211009,2021,10,09,1,Ikjoo Chi,넘 불편하고 엉망인 듯
449,450,20210315,2021,03,15,5,이상우,편하고 빨라요
450,451,20220204,2022,02,04,5,Anna Park,사용이 편리합니다
451,452,20220104,2022,01,04,1,201,앱이 왜 있는 거죠? 되지도 않는데
452,453,20220210,2022,02,10,5,Neri_min,사용하기 편해요!
453,454,20210822,2021,08,22,4,HY JR,쇼핑앱치곤좋아요
454,455,20210829,2021,08,29,5,dsechs s,사진 게시가 좋아요
455,456,20210508,2021,05,08,5,sysy kim,이가격에 배송 개이득
456,457,20211218,2021,12,18,5,신성락,다양해서 좋다
457,458,20211105,2021,11,05,2,김혜영,결제가 안되네요 ㅜ 다시시도하라고 나와요
458,459,20201216,2020,12,16,5,daldal. stay,편리해졌어요
459,460,20220201,2022,02,01,5,金ドゥリ,안가도되고조으네요
460,461,20201218,2020,12,18,5,스타론즈.,카테고리 있으면 좋겠습니다
461,462,20220203,2022,02,03,5,임동주,편리하네요
462,463,20210517,2021,05,17,5,& nail,좋아요 페밀리 편해요
463,464,20210129,2021,01,29,1,박정민,로그인 안됨.
464,465,20210224,2021,02,24,1,mh kim,넘 불편한 앱.
465,466,20210709,2021,07,09,5,May,냥이 이글루 집 너무 좋아해요~~
466,467,20210210,2021,02,10,5,TAE KEUN KIM,쇼핑하기 좋아요.
467,468,20220711,2022,07,11,5,박준호,그냥 조아요!
468,469,20210701,2021,07,01,5,hg viviana,잘 쓰고 있어요
469,470,20220721,2022,07,21,4,기적소년,직관적 굿
470,471,20210505,2021,05,05,4,이호용,주문이간편해서좋아요
471,472,20220301,2022,03,01,5,Miri Noh,인쇼하기 편해요~~
472,473,20201218,2020,12,18,1,한욱균,온라인에서는 주소오류 앱에서는 결재오류 이케아 안쓴다
473,474,20220925,2022,09,25,1,박근부,앱 사용 힘듬
474,475,20210503,2021,05,03,5,이중석,유용해요♡
475,476,20220705,2022,07,05,5,윤창인,편리해요
476,477,20220313,2022,03,13,5,Juhee Lee,편리해졌네요
477,478,20211103,2021,11,03,5,김정의,나에겐 최고입니다 감사합니다
478,479,20210415,2021,04,15,5,권광수,주문이 편하네요ᆢ
479,480,20210504,2021,05,04,4,김명기 (ChakraMeister),카탈로그는 볼 수 없나요?
480,481,20210320,2021,03,20,5,하린,사용하기 편해요
481,482,20220221,2022,02,21,5,김미정,사용하기 편해요
482,483,20210115,2021,01,15,2,SANGMIN KIM,바코드 찾기 안됨
483,484,20210524,2021,05,24,5,김건우,앱이 직관적이라서 좋아요
484,485,20210531,2021,05,31,3,이연수,잘보고있습니다
485,486,20220429,2022,04,29,5,곽수영,굿 하하하하하하 하하하하하하
486,487,20210302,2021,03,02,1,Soyoun Jun,거지같음 그냥 원래데로해놓 으셔
487,488,20210824,2021,08,24,5,FREE EVER,물건많아서 좋아요
488,489,20211030,2021,10,30,4,김시우,재고랑 갯수가 안 맞아요 ㅜ
489,490,20201215,2020,12,15,1,백정호,전 결제가 안되는데 왜그럴까요 ㅠㅠ
490,491,20210115,2021,01,15,5,박상은,앱에서 보고 직접 실물을 확인하고 구매합니다
491,492,20201218,2020,12,18,5,이제리,신셰계 이케아가 배송을 다해주네
492,493,20210426,2021,04,26,1,권야루키,주문취소가 안됨ㅡㅡ
493,494,20210109,2021,01,09,5,박지윤,사용하기 편해요
494,495,20210526,2021,05,26,5,Jae woo Ahn,아주좋아요
495,496,20210731,2021,07,31,4,나노 마이크로버블에너지원,사용전 사용후 후기남깁니다
496,497,20210521,2021,05,21,1,기여쮸ᄋᄋ,야 영수증 어디갔냐 ㅡㅡ
497,498,20210128,2021,01,28,1,박브라우저,잘 안되네요
498,499,20211010,2021,10,10,1,HS,비밀번호 입력 불가는 뭡니까
499,500,20210104,2021,01,04,1,양백실,"넘,느려서ᆢ무지불편해요 ㅠㅠ"
500,501,20210129,2021,01,29,5,박준호,만족해요
501,502,20210323,2021,03,23,4,서락준,좀 ui가 딱딱해요
502,503,20210523,2021,05,23,5,JIHO KIM,이케아 신세계입니다.^^
503,504,20210213,2021,02,13,1,노터치,앱까지 차별을 하네!!!
504,505,20201215,2020,12,15,4,JIUN Kim,나아졌어요 전보다
505,506,20210318,2021,03,18,5,정희돈,좋네요~^^
506,507,20210321,2021,03,21,4,오형택,생각보다 편함
507,508,20210105,2021,01,05,1,Diana Kim,결재가안되요 ㅜㅜ
508,509,20210701,2021,07,01,4,김민경,찾기가좀어려워요
509,510,20210502,2021,05,02,5,안용준,좋아요 휼륭합니다
510,511,20210619,2021,06,19,5,Taewon Lee,기업공개 해주세요~
511,512,20210211,2021,02,11,2,강다예,결제가 잘안되요
512,513,20220218,2022,02,18,5,심창호,나름 괜찮아요
513,514,20210116,2021,01,16,5,김로저,이케아가넘조아여
514,515,20210309,2021,03,09,5,봉마담,예전 어플보다 낫네요.
515,516,20210526,2021,05,26,3,조정희,ㅍㅈ시도ㅡ히 크27
516,517,20220413,2022,04,13,5,정환욱,사용하기 좋아요.
517,518,20201219,2020,12,19,5,kong kim,편리해요
518,519,20210627,2021,06,27,5,Jinki Kang,좋아요 ㅎㅎ
519,520,20211029,2021,10,29,5,김현숙,사용하기편함
520,521,20211128,2021,11,28,5,햇쌀아침,편리해요
521,522,20210531,2021,05,31,5,노동옥,", 5 ㅛ, ,, ,,, ,., and v"
522,523,20211208,2021,12,08,5,Woong sun Yu,주문이간편함
523,524,20210406,2021,04,06,5,한글번역가,마음에들어요
524,525,20210826,2021,08,26,4,김용덕,ㅢ시ㄷ는
525,526,20220209,2022,02,09,5,페르마타,사용편리함
526,527,20210330,2021,03,30,4,이선미,사용하기편해요
527,528,20220220,2022,02,20,5,공성룡,좋아요~~^^
528,529,20210101,2021,01,01,4,정정미선,사용하기편리해요
529,530,20210306,2021,03,06,5,이시윤,이용하기편해요.
530,531,20210527,2021,05,27,5,우영수,좋아요.*^^*.
531,532,20210315,2021,03,15,4,홍성인,나쁘지않네요
532,533,20201217,2020,12,17,1,안진진,결제가 안돼요
533,534,20210218,2021,02,18,1,DW Yang,Qr코드 사라짐
534,535,20220214,2022,02,14,5,김기경 (살바도르달리),쓰만해요
535,536,20220222,2022,02,22,5,세윤횽아,조아여어어어
536,537,20210316,2021,03,16,3,김훈태,쓸만해요
537,538,20221006,2022,10,06,5,역도언니,좋아요
538,539,20221012,2022,10,12,5,신인경,좋아요
539,540,20221014,2022,10,14,5,서진희,굿
540,541,20221013,2022,10,13,5,Jade Jo,hyvä!
541,542,20221010,2022,10,10,5,ji채화,최고죠
542,543,20221003,2022,10,03,5,임형일,좋아요
543,544,20221004,2022,10,04,5,Minyoung Kim,좋아요
544,545,20220925,2022,09,25,5,김민경,좋아요
545,546,20221001,2022,10,01,5,고고공방-남정택,굿
546,547,20221001,2022,10,01,4,송수현,복잡함
547,548,20221015,2022,10,15,5,김윤희,편리하네여
548,549,20220918,2022,09,18,4,이지용,여전히 복잡
549,550,20220911,2022,09,11,5,거늬,좋음
550,551,20220910,2022,09,10,5,Sung M. Lee,Good good
551,552,20220917,2022,09,17,5,Star “feelstory” Feel,Good
552,553,20220904,2022,09,04,5,박명진,좋아요
553,554,20220904,2022,09,04,5,Helio Lee,편리함
554,555,20220823,2022,08,23,5,정달님,최고예요
555,556,20220822,2022,08,22,5,이은영,Good
556,557,20220801,2022,08,01,5,Love Waterhouse (Waterhouse),잘 됩니다!
557,558,20220807,2022,08,07,5,하누,편리합니다.
558,559,20220809,2022,08,09,5,YOO JIN JEON,좋아요~~~~
559,560,20220911,2022,09,11,5,신현상,좋아요
560,561,20220816,2022,08,16,5,주창건,좋아요
561,562,20220807,2022,08,07,5,방현철,굿
562,563,20220816,2022,08,16,5,개막뚱이,좋네요
563,564,20220809,2022,08,09,5,김재곤,그읏
564,565,20220802,2022,08,02,5,younghee kim,완벽해
565,566,20220714,2022,07,14,5,목정인,좋습니다~
566,567,20220717,2022,07,17,5,유혜원,좋아용 ㅎㅎ
567,568,20220716,2022,07,16,5,김김희정,좋아요
568,569,20220719,2022,07,19,4,최꼬리 (최꼬리),느려요
569,570,20220703,2022,07,03,5,Rachel bts,좋아요
570,571,20220713,2022,07,13,5,양지영,좋아요
571,572,20220703,2022,07,03,5,디와저씨,굿
572,573,20220702,2022,07,02,5,JINHEE LEE,굿
573,574,20220705,2022,07,05,5,심현희,오케이
574,575,20220625,2022,06,25,5,강지향,좋아요
575,576,20220619,2022,06,19,5,Tzveeble,"Easy to use, good search and favourites saving facilities."
576,577,20220607,2022,06,07,5,장주현,좋아요!
577,578,20220614,2022,06,14,5,공민지,편리함!
578,579,20220606,2022,06,06,5,sander cho,편리합니다
579,580,20220619,2022,06,19,5,오정아,좋아요
580,581,20220616,2022,06,16,5,김민수,이뻐요
581,582,20220520,2022,05,20,2,조기환,Search UX is not convenient. Hard to find menu. page loading is slow.
582,583,20220601,2022,06,01,5,박민정,좋은상품
583,584,20220520,2022,05,20,5,이현겸,좋아요
584,585,20220531,2022,05,31,5,유윤미,굿굿
585,586,20220523,2022,05,23,5,박승연,조아요
586,587,20220516,2022,05,16,5,파랑사람,좋아요
587,588,20220507,2022,05,07,5,HyunSook Kim,좋아요
588,589,20220513,2022,05,13,5,임지현,처음입니다.
589,590,20220509,2022,05,09,5,정연우,짱!!!
590,591,20220417,2022,04,17,5,류호영,잘쓰겠습니다
591,592,20220731,2022,07,31,5,DC SHIN,괜찮아요
592,593,20220423,2022,04,23,5,김우영,좋아요
593,594,20220411,2022,04,11,5,예성민,굿
594,595,20220420,2022,04,20,5,박민석,좋아요
595,596,20220415,2022,04,15,5,김효은,Good
596,597,20220427,2022,04,27,5,박성현,구웃
597,598,20220405,2022,04,05,5,JongUk Lee,좋아요!
598,599,20220401,2022,04,01,5,신동화,굿!!
599,600,20220327,2022,03,27,3,Google 사용자,복잡
600,601,20220403,2022,04,03,5,차우차우v,좋아요
601,602,20220405,2022,04,05,5,엄태웅,굿
602,603,20220406,2022,04,06,5,OTAKGU O'corner,편합니다^^
603,604,20220401,2022,04,01,5,wh c,구웃
604,605,20220324,2022,03,24,4,전혜영,굿
605,606,20220317,2022,03,17,5,Jiwon,굳굳
606,607,20220323,2022,03,23,4,전효정,좋아요
607,608,20220318,2022,03,18,5,반영선,재있네요
608,609,20220321,2022,03,21,5,jung hyun kim,Nice
609,610,20220326,2022,03,26,5,yoringgu tv,Good
610,611,20220313,2022,03,13,5,베짱이,좋아요
611,612,20220308,2022,03,08,5,조승욱,좋아요
612,613,20220226,2022,02,26,5,걍부성오빠,잘사용했습니다
613,614,20220213,2022,02,13,5,Kyong Lee,좋아요~
614,615,20220216,2022,02,16,5,김정석,매우좋음
615,616,20220226,2022,02,26,5,Jennifer Kim,무난해요
616,617,20220211,2022,02,11,5,김성미,좋아요
617,618,20220221,2022,02,21,5,고경현,편해요
618,619,20220212,2022,02,12,5,Tiger GU,편해요
619,620,20220227,2022,02,27,4,강은주,Good
620,621,20220204,2022,02,04,5,민우김,좋아요!
621,622,20220201,2022,02,01,4,플로렌스,좋아요.
622,623,20220206,2022,02,06,4,송병근,좋아요
623,624,20220202,2022,02,02,5,메타몽,좋음
624,625,20220205,2022,02,05,5,또바기아토,이쁘네요
625,626,20211222,2021,12,22,5,Ta Mir,좋읍니다
626,627,20220403,2022,04,03,5,우드램WOODLAM,굿굿
627,628,20220106,2022,01,06,5,Gyeun Hu Kim,좋네요
628,629,20220121,2022,01,21,4,chung hyeon Lee,좋아요
629,630,20220101,2022,01,01,5,정유정,굿
630,631,20220213,2022,02,13,5,이대승,굿
631,632,20220127,2022,01,27,5,김형선,좋아요
632,633,20211218,2021,12,18,5,Miwon ri (Miwon-ri),갓케아
633,634,20211219,2021,12,19,5,Kwanghun an,편해요
634,635,20211202,2021,12,02,5,Yoon Song,쉽게 잘
635,636,20211213,2021,12,13,5,이정훈,괜찮음
636,637,20211127,2021,11,27,5,에일린.,굳
637,638,20211127,2021,11,27,5,정은숙,굿
638,639,20211128,2021,11,28,1,서석호,어렵네요
639,640,20211101,2021,11,01,5,이재근,좋네요
640,641,20211021,2021,10,21,5,응가,굿
641,642,20211006,2021,10,06,5,무명,굿
642,643,20211018,2021,10,18,5,MOON귤단&,좋아요
643,644,20211026,2021,10,26,5,배민정,좋아요
644,645,20211021,2021,10,21,5,조선소예술인Sung-Hoon Kim,굿
645,646,20211004,2021,10,04,5,후이,이케아 좋아
646,647,20210923,2021,09,23,2,해나아빠(해나아빠),너무 느림
647,648,20210915,2021,09,15,5,강정은,좋음
648,649,20210911,2021,09,11,5,Jongdae Lee,Good!
649,650,20211010,2021,10,10,5,You Jun Yang,좋아요!
650,651,20210903,2021,09,03,4,김동원,좋아요
651,652,20210829,2021,08,29,5,최공주,굿
652,653,20210814,2021,08,14,5,백경민,굿
653,654,20210719,2021,07,19,5,한누리자,감사합니다
654,655,20210724,2021,07,24,5,강유리,굿
655,656,20210724,2021,07,24,5,김성민,좋아요
656,657,20210802,2021,08,02,5,박티처,굿
657,658,20210704,2021,07,04,5,이진성,조타조아
658,659,20210716,2021,07,16,4,Cin My,좋아요
659,660,20210629,2021,06,29,5,구름,좋아요
660,661,20210707,2021,07,07,5,Junghyeon Kim (Heny),Good app
661,662,20210629,2021,06,29,5,Lee이미나,좋아용
662,663,20210627,2021,06,27,5,yongjin,편하고 좋음!
663,664,20210621,2021,06,21,5,jay,편리합니다
664,665,20210618,2021,06,18,4,최범용,좋습니다
665,666,20210619,2021,06,19,5,Jy Stone,좋아요
666,667,20210624,2021,06,24,5,멋진하루wony,편하네요
667,668,20210617,2021,06,17,5,jy y,좋아용
668,669,20210606,2021,06,06,5,김용환,굿굿
669,670,20210521,2021,05,21,5,김효진,좋습니다
670,671,20210516,2021,05,16,4,김김성재,좋아요
671,672,20210510,2021,05,10,5,coco a,👍👍
672,673,20210515,2021,05,15,5,최영수,Good
673,674,20210513,2021,05,13,5,양애순,Good
674,675,20210427,2021,04,27,1,HANJO LEE,왤케 조악함?
675,676,20210420,2021,04,20,5,편정오,좋아요
676,677,20210423,2021,04,23,5,이태웅,편해
677,678,20210412,2021,04,12,5,강성희,편리합니다.
678,679,20210410,2021,04,10,5,이보영,조아
679,680,20210410,2021,04,10,5,이명제,좋아요
680,681,20210408,2021,04,08,5,엄세영,최고
681,682,20210423,2021,04,23,5,홍진기,굿
682,683,20210408,2021,04,08,5,仁成李,你好 早上好。
683,684,20210416,2021,04,16,5,서태풍,조항여
684,685,20210417,2021,04,17,5,김정아,편하네요
685,686,20210330,2021,03,30,5,In Looking,굿!!
686,687,20210402,2021,04,02,5,김희성,좋아요.
687,688,20210405,2021,04,05,5,임혜연,👍
688,689,20210317,2021,03,17,5,솔솔,굿
689,690,20210321,2021,03,21,5,이차칸민이,좋아요
690,691,20210313,2021,03,13,5,박미선,좋음
691,692,20210311,2021,03,11,5,채유정,좋아요
692,693,20210317,2021,03,17,1,정보훈,발전 요망
693,694,20210306,2021,03,06,1,KYO KUSANAGI,Why can't login? Even i didn't wrong anything about my account.
694,695,20210226,2021,02,26,5,김정재,좋아요
695,696,20210303,2021,03,03,4,조성연,좋아요
696,697,20210310,2021,03,10,5,권지윤,편리
697,698,20210216,2021,02,16,5,이영환,좋아요!!
698,699,20210214,2021,02,14,5,hoomy kim,스타일리시 합니다
699,700,20210214,2021,02,14,5,이영록,간단하네요
700,701,20210215,2021,02,15,5,gray Sohn,굿
701,702,20210228,2021,02,28,5,하유진,좋아요
702,703,20210306,2021,03,06,5,김민주,좋아요
703,704,20210211,2021,02,11,5,Jieun Lee,As always.
704,705,20210213,2021,02,13,5,임태균,편해요
705,706,20210314,2021,03,14,5,박민,IKEA IKEA
706,707,20210619,2021,06,19,4,건강한시민(건강한 시민),좋아요~!
707,708,20210127,2021,01,27,5,박민수,굿
708,709,20210207,2021,02,07,5,Google 사용자,좋아요
709,710,20210206,2021,02,06,5,jinbok yu,good good goods
710,711,20210127,2021,01,27,5,Miroh Lee,간편해짐
711,712,20210117,2021,01,17,5,안윤덕,좋습니다좋
712,713,20210115,2021,01,15,5,김준호,좋아요~~~~~~~
713,714,20210126,2021,01,26,5,장천주,좋아요
714,715,20210126,2021,01,26,2,홍양현,별로
715,716,20210117,2021,01,17,5,ndklve천구백칠십사,👍
716,717,20201216,2020,12,16,5,이든상회,최고에요!
717,718,20210114,2021,01,14,5,김욱태,이케아 좋습니다.
718,719,20201227,2020,12,27,5,유베스트,걍 편하네여
719,720,20210105,2021,01,05,5,김진우,편함
720,721,20201225,2020,12,25,5,tuseiluce,굳굳
721,722,20210109,2021,01,09,5,김재준,좋아요
722,723,20210110,2021,01,10,5,아깐진아깐진,조아여
723,724,20210107,2021,01,07,5,Jane Joo,유용함
724,725,20201224,2020,12,24,5,Changsoo Sohn,Good
725,726,20201229,2020,12,29,5,박영우,Good
726,727,20200504,2020,05,04,5,日本京都,見やすい
727,728,20210429,2021,04,29,2,이익수,I can not sign in.
728,729,20210901,2021,09,01,5,Amy Koh,I like it
729,730,20220211,2022,02,11,5,에밀리TV,조아요
730,731,20220220,2022,02,20,5,권기헌,굿
731,732,20220204,2022,02,04,5,박사장뉨,좋음
732,733,20220206,2022,02,06,5,파이터 손,최고
733,734,20211211,2021,12,11,5,유승호,개죠음
734,735,20210213,2021,02,13,5,최영숙,Good
735,736,20210427,2021,04,27,5,hyungchul joo,Good
